"","sample","k","n0","r","t_mid","t_gen","auc_l","auc_e","sigma","note","fullWellCode","wellNumber","instance","Media","Concentration","Nutrient","Strain","Mutant","DemoPlotColumn"
"1","A1a",0.254953311927439,0.0204879597724127,0.000124181268834974,19628.3260946572,5581.73698064783,16701.7480759656,16612.4368503001,0.00975578755627729,"","A1a_a_As_1_Mm_2490_Deletion_yes","A1a","a","As","1","Mm","2490","Deletion","yes"
"2","A2a",0.29009634365886,0.012480907254915,0.000157674992630904,19673.6129487801,4396.05018522188,19105.0113351479,19055.3151622996,0.00809217751053047,"","A2a_a_As_5_Mm_2490_Deletion_no","A2a","a","As","5","Mm","2490","Deletion","no"
"3","A3a",0.542726676367496,0.00734204932691875,0.000152606734648691,28107.327137314,4542.04843682429,31268.7649434919,31311.9523393999,0.0119834709319931,"","A3a_a_Glu_1_Mm_2490_Deletion_yes","A3a","a","Glu","1","Mm","2490","Deletion","yes"
"4","A4a",0.270232551386502,0.0177243886811183,6.75005322544935e-05,39355.2747551147,10268.7661476003,12452.2845993054,12459.8753880005,0.0116630253548015,"","A4a_a_Glu_5_Mm_2490_Deletion_no","A4a","a","Glu","5","Mm","2490","Deletion","no"
"5","A5a",0.364563557166617,0.020131488858145,5.5484313515325e-05,51178.6395612511,12492.6693085694,13149.6771832271,13121.7250447,0.0146848296919574,"","A5a_a_Ser_1_Mm_2490_Deletion_yes","A5a","a","Ser","1","Mm","2490","Deletion","yes"
"6","A6a",0.107451076110056,0.0235956435939433,3.87031183457374e-05,32763.0492673133,17909.336771472,5346.80273307966,5333.85633909985,0.0081971599522186,"","A6a_a_Ser_5_Mm_2490_Deletion_no","A6a","a","Ser","5","Mm","2490","Deletion","no"
"7","A7a",0.505506760574837,0.0316608214279581,3.63315550119653e-05,74475.2666288841,19078.3791206202,11902.0396210886,11893.4155781997,0.0185446688652781,"","A7a_a_Thr_1_Mm_2490_Deletion_yes","A7a","a","Thr","1","Mm","2490","Deletion","yes"
"8","A8a",0.394236477367212,0.019551348373975,4.92718496712548e-05,59933.6493831242,14067.81326832,11766.0311395744,11869.7405174512,0.0181752157153968,"","A8a_a_Thr_5_Mm_2490_Deletion_no","A8a","a","Thr","5","Mm","2490","Deletion","no"
"9","B1a",0.209596040594397,0.0171356536865481,0.000141677883750345,17072.0297510776,4892.41624882938,14281.0724856317,14203.2530687998,0.00985463222979873,"","B1a_a_As_1_Mm_2491_Control_yes","B1a","a","As","1","Mm","2491","Control","yes"
"10","B2a",0.20156872843155,0.00581084035569,0.000246668681239289,14258.6136721299,2810.03318734062,14398.5781692865,14380.3014903001,0.00491585168760661,"","B2a_a_As_5_Mm_2491_Control_no","B2a","a","As","5","Mm","2491","Control","no"
"11","B3a",0.497542597038332,0.0106002797903668,0.000135163060298523,28315.9116584895,5128.22940697738,28527.9373864775,28550.9795683006,0.0128332868115758,"","B3a_a_Glu_1_Mm_2491_Control_yes","B3a","a","Glu","1","Mm","2491","Control","yes"
"12","B4a",0.0528947761867448,0.000828347867530494,0.00052286825922081,7919.4756631829,1325.66314427441,4118.39449884611,4118.86731849975,0.00662791669461592,"","B4a_a_Glu_5_Mm_2491_Control_no","B4a","a","Glu","5","Mm","2491","Control","no"
"13","B5a",0.42184903405297,0.0114557933883931,0.000134780985227949,26551.3732721898,5142.76683307856,24913.0026636161,24922.0929965003,0.0233413844132353,"","B5a_a_Ser_1_Mm_2491_Control_yes","B5a","a","Ser","1","Mm","2491","Control","yes"
"14","B6a",0.618598680513285,0.00492146241242178,0.000125302145560045,38513.8126749038,5531.80615911952,29230.9573175558,29551.0476274513,0.0228639473281609,"","B6a_a_Ser_5_Mm_2491_Control_no","B6a","a","Ser","5","Mm","2491","Control","no"
"15","B7a",0.31812286725025,0.0285855144319471,5.05858160978372e-05,45771.4116614664,13702.4018594331,12924.4286926242,12908.8487465293,0.01325767826051,"","B7a_a_Thr_1_Mm_2491_Control_yes","B7a","a","Thr","1","Mm","2491","Control","yes"
"16","B8a",0.428120023986039,0.0130321842444404,6.94284566729811e-05,49850.8582311625,9983.61786759537,15692.1868147321,15770.3061384998,0.0138422622830934,"","B8a_a_Thr_5_Mm_2491_Control_no","B8a","a","Thr","5","Mm","2491","Control","no"
"17","C1a",0.225680167164106,0.0226610447962159,0.000110166290685493,19903.1191643998,6291.82644025628,14658.4957744853,14572.2054116995,0.0110946850690549,"","C1a_a_As_1_Mm_2492_Deletion_yes","C1a","a","As","1","Mm","2492","Deletion","yes"
"18","C2a",0.302817043216392,0.00695555854997853,0.000186476128933744,20111.6908515649,3717.08263424015,19856.7798684558,19851.5467597,0.00821081710549768,"","C2a_a_As_5_Mm_2492_Deletion_no","C2a","a","As","5","Mm","2492","Deletion","no"
"19","C3a",0.54192219363947,0.00740243870289596,0.000161190060401909,26549.7709871438,4300.18562454572,32068.3235772337,32065.0385690999,0.0149957724605099,"","C3a_a_Glu_1_Mm_2492_Deletion_yes","C3a","a","Glu","1","Mm","2492","Deletion","yes"
"20","C4a",0.309054801071454,0.0252100682393271,5.18004352919814e-05,46740.6096415755,13381.1072562018,12307.3790202577,12328.4023694902,0.01165386323997,"","C4a_a_Glu_5_Mm_2492_Deletion_no","C4a","a","Glu","5","Mm","2492","Deletion","no"
"21","C5a",1005934.37401588,0.0304078130396361,2.31403234639933e-05,748238.592488067,29954.083469857,8257.43251270696,8261.1694187998,0.0136381957918461,"","C5a_a_Ser_1_Mm_2492_Deletion_yes","C5a","a","Ser","1","Mm","2492","Deletion","yes"
"22","C6a",763504.267814366,0.0235668129818562,1.9860283816173e-05,870762.467889815,34901.1719558353,5336.30504491556,5353.21017754875,0.00886546481990214,"","C6a_a_Ser_5_Mm_2492_Deletion_no","C6a","a","Ser","5","Mm","2492","Deletion","no"
"23","C7a",0.684519096460714,0.0220570448236061,3.59841571975886e-05,94550.8105967303,19262.5653771431,9805.12786035406,9877.75682050975,0.0236870410149739,"","C7a_a_Thr_1_Mm_2492_Deletion_yes","C7a","a","Thr","1","Mm","2492","Deletion","yes"
"24","C8a",0.342780975337866,0.00943640183578806,6.36465849446776e-05,56006.177979798,10890.5635889567,10818.6434783443,10990.5495203001,0.0178755571836782,"","C8a_a_Thr_5_Mm_2492_Deletion_no","C8a","a","Thr","5","Mm","2492","Deletion","no"
"25","D1a",0.26374899113492,0.0194016170571363,0.000111022366903216,22817.3343057026,6243.31114435882,16434.8631891509,16339.5864806001,0.0121438016429001,"","D1a_a_As_1_Mm_2493_Control_yes","D1a","a","As","1","Mm","2493","Control","yes"
"26","D2a",0.282644023671667,0.0113289166366721,0.000161319760936774,19687.1259421853,4296.72829004259,18617.5468338435,18553.118392039,0.00647356760685152,"","D2a_a_As_5_Mm_2493_Control_no","D2a","a","As","5","Mm","2493","Control","no"
"27","D3a",0.647358491935685,0.0373451836984487,9.20596037975649e-05,30342.0469536248,7529.33047685222,35532.1589499503,35174.2061010195,0.0362009959532672,"","D3a_a_Glu_1_Mm_2493_Control_yes","D3a","a","Glu","1","Mm","2493","Control","yes"
"28","D4a",0.305595608759742,0.0154812673136021,5.19952502189578e-05,56363.694398342,13330.9711491151,9843.95212903439,9938.450157961,0.0167632752310967,"","D4a_a_Glu_5_Mm_2493_Control_no","D4a","a","Glu","5","Mm","2493","Control","no"
"29","D5a",0.506679996614751,0.00506962980603328,0.000162565497600331,28262.7982322955,4263.80253369664,29126.8420928614,29355.9695940998,0.0259308224204058,"","D5a_a_Ser_1_Mm_2493_Control_yes","D5a","a","Ser","1","Mm","2493","Control","yes"
"30","D6a",0.526225733878421,0.00387983136447918,0.000181980542735087,26939.9038672579,3808.90819503145,30957.5196158645,31134.1223355097,0.020475134623527,"","D6a_a_Ser_5_Mm_2493_Control_no","D6a","a","Ser","5","Mm","2493","Control","no"
"31","D7a",0.364089541729273,0.0090769581262376,9.22323478460176e-05,39751.9329484659,7515.22862366204,16725.5464759881,16874.9391569415,0.0131621374287163,"","D7a_a_Thr_1_Mm_2493_Control_yes","D7a","a","Thr","1","Mm","2493","Control","yes"
"32","D8a",0.30632919514462,0.00576473577885981,0.000111882476552444,35339.7872403163,6195.31495832625,15418.0680093968,15608.5224443999,0.0198215942889744,"","D8a_a_Thr_5_Mm_2493_Control_no","D8a","a","Thr","5","Mm","2493","Control","no"
"33","E1a",0.356646214887716,0.00847499329747243,0.000185827618483753,19994.7378260974,3730.05469378358,23426.544808597,23415.3814790999,0.00916671799312439,"","E1a_a_As_1_Csm_2490_Deletion_yes","E1a","a","As","1","Csm","2490","Deletion","yes"
"34","E2a",0.549877053203852,0.0259980643083874,0.000104279886802087,28799.788021978,6646.98823345932,31106.8923507017,30935.7671015293,0.0182710690102994,"","E2a_a_As_5_Csm_2490_Deletion_no","E2a","a","As","5","Csm","2490","Deletion","no"
"35","E3a",0.147579728458578,0.0242301322818898,5.4213670316864e-05,30018.7308001477,12785.4686190529,7874.53757225239,7852.55258650025,0.00941814271378058,"","E3a_a_Glu_1_Csm_2490_Deletion_yes","E3a","a","Glu","1","Csm","2490","Deletion","yes"
"36","E4a",0.523123328179423,0.0259146562757937,2.75521592394109e-05,107222.126849059,25157.6355427149,7409.56361677079,7417.74618150025,0.0103917365168863,"","E4a_a_Glu_5_Csm_2490_Deletion_no","E4a","a","Glu","5","Csm","2490","Deletion","no"
"37","E5a",0.343641727011134,0.0313164147046756,6.65324603435949e-05,34568.13274064,10418.1804938569,17283.2611206408,17207.378007039,0.0129614077775975,"","E5a_a_Ser_1_Csm_2490_Deletion_yes","E5a","a","Ser","1","Csm","2490","Deletion","yes"
"38","E6a",0.282122570115345,0.0301763230838165,5.99152859803205e-05,35419.3109748859,11568.7869834689,13908.1623689077,13822.1231390999,0.0122339802270858,"","E6a_a_Ser_5_Csm_2490_Deletion_no","E6a","a","Ser","5","Csm","2490","Deletion","no"
"39","E7a",0.354622652852847,0.0169424143217517,0.000114739766944103,26078.8328801466,6041.03702683674,21033.9119329127,21078.7768635683,0.0185465483317549,"","E7a_a_Thr_1_Csm_2490_Deletion_yes","E7a","a","Thr","1","Csm","2490","Deletion","yes"
"40","E8a",0.419002738674723,0.0173488856796793,0.000105196379934453,29868.5409048603,6589.07826478289,23282.1731012292,23272.0852024512,0.0139731479425548,"","E8a_a_Thr_5_Csm_2490_Deletion_no","E8a","a","Thr","5","Csm","2490","Deletion","no"
"41","F1a",0.29208984595899,0.0104929245800337,0.000175559687457725,18738.7865560476,3948.21379895004,19529.9063979091,19499.7569810195,0.00407443949914654,"","F1a_a_As_1_Csm_2491_Control_yes","F1a","a","As","1","Csm","2491","Control","yes"
"42","F2a",0.509283836632249,0.0278783015205504,0.000100927416262488,28226.8333596768,6867.7789071429,29057.0818469847,28859.9246062002,0.022847887858158,"","F2a_a_As_5_Csm_2491_Control_no","F2a","a","As","5","Csm","2491","Control","no"
"43","F3a",0.146267018670458,0.0261369596165095,7.1666884917485e-05,21282.1387894181,9671.79167000231,9056.41477513614,9025.627232961,0.00869045421251676,"","F3a_a_Glu_1_Csm_2491_Control_yes","F3a","a","Glu","1","Csm","2491","Control","yes"
"44","F4a",0.0450520731381119,0.00233994703567918,0.000644059540108706,4509.45042798972,1076.21599773672,3659.01842324876,3663.23623449025,0.00990292955746691,"","F4a_a_Glu_5_Csm_2491_Control_no","F4a","a","Glu","5","Csm","2491","Control","no"
"45","F5a",0.452285571327557,0.0164534504227318,0.000127876507961708,25624.1116548737,5420.44189044877,27091.6601364057,27051.5868560195,0.0126917184594155,"","F5a_a_Ser_1_Csm_2491_Control_yes","F5a","a","Ser","1","Csm","2491","Control","yes"
"46","F6a",0.43419991439957,0.0292245937485011,9.41209542927986e-05,27930.1834739961,7364.43001208478,24829.7039124315,24724.2506080585,0.0124681991103305,"","F6a_a_Ser_5_Csm_2491_Control_no","F6a","a","Ser","5","Csm","2491","Control","no"
"47","F7a",0.360330032246519,0.0213626687896651,0.000101933765457415,27118.1866747433,6799.97621445197,20941.2117658749,20903.8560535683,0.0128196873762287,"","F7a_a_Thr_1_Csm_2491_Control_yes","F7a","a","Thr","1","Csm","2491","Control","yes"
"48","F8a",0.360092957184789,0.017856014929718,0.000104038030933862,28385.4169669017,6662.44040124698,20510.8761428202,20561.786387039,0.0211342430006235,"","F8a_a_Thr_5_Csm_2491_Control_no","F8a","a","Thr","5","Csm","2491","Control","no"
"49","G1a",0.368119756448004,0.0123805031149461,0.000153832024599836,21829.4931176039,4505.87049324114,23470.6770545894,23413.2528978996,0.00591857437213719,"","G1a_a_As_1_Csm_2492_Deletion_yes","G1a","a","As","1","Csm","2492","Deletion","yes"
"50","G2a",0.533714265539001,0.0157863124947901,0.000132364813193402,26371.7584364085,5236.64230574003,31603.4116323027,31501.811882961,0.0137696647715952,"","G2a_a_As_5_Csm_2492_Deletion_no","G2a","a","As","5","Csm","2492","Deletion","no"
"51","G3a",0.20523305141568,0.0305979241618824,6.05922914676596e-05,28745.6803364186,11439.5274344411,11269.6634310605,11255.3894184708,0.00952245220180661,"","G3a_a_Glu_1_Csm_2492_Deletion_yes","G3a","a","Glu","1","Csm","2492","Deletion","yes"
"52","G4a",1179755.24181267,0.0347835183073051,1.62069882382873e-05,1069873.61776066,42768.4138699168,6476.67842687925,6515.630222961,0.017426197258958,"","G4a_a_Glu_5_Csm_2492_Deletion_no","G4a","a","Glu","5","Csm","2492","Deletion","no"
"53","G5a",0.360134112638425,0.0435746597138736,4.87993909979918e-05,40636.4761150054,14204.0129268923,16088.9524424233,16002.081247039,0.0157797347563586,"","G5a_a_Ser_1_Csm_2492_Deletion_yes","G5a","a","Ser","1","Csm","2492","Deletion","yes"
"54","G6a",0.324747697885136,0.0322745758589416,6.70362563057687e-05,32879.1179315676,10339.8849929556,16819.4549565491,16728.0420959001,0.0119464467683298,"","G6a_a_Ser_5_Csm_2492_Deletion_no","G6a","a","Ser","5","Csm","2492","Deletion","no"
"55","G7a",0.473531424206831,0.0165810580478192,0.00010271932259808,32285.1994227818,6747.97266013999,25200.1042257462,25209.7040943928,0.0167657706375643,"","G7a_a_Thr_1_Csm_2492_Deletion_yes","G7a","a","Thr","1","Csm","2492","Deletion","yes"
"56","G8a",0.422031781494075,0.0146078904705947,0.000125992321194691,26416.6283092812,5501.5033772483,24949.6929605576,24909.5841062002,0.00771266610132249,"","G8a_a_Thr_5_Csm_2492_Deletion_no","G8a","a","Thr","5","Csm","2492","Deletion","no"
"57","H1a",0.420368290185997,0.0134732936662728,0.000135509046422736,25148.4736194627,5115.13584412359,25399.8774198326,25375.5958694903,0.013302544485604,"","H1a_a_As_1_Csm_2493_Control_yes","H1a","a","As","1","Csm","2493","Control","yes"
"58","H2a",0.486729084339935,0.0183436653457401,0.00012602423666037,25709.3975379275,5500.1101290377,29106.2264742407,29030.7022080585,0.00950819064467089,"","H2a_a_As_5_Csm_2493_Control_no","H2a","a","As","5","Csm","2493","Control","no"
"59","H3a",0.23427607092327,0.0395217384046214,5.12129594656995e-05,31142.2750769515,13534.6050646456,12232.2246980472,12203.6486935682,0.0112669754807051,"","H3a_a_Glu_1_Csm_2493_Control_yes","H3a","a","Glu","1","Csm","2493","Control","yes"
"60","H4a",123875.776277887,0.0338362915660352,1.53468132100046e-05,984781.361173888,45165.5448642643,6023.139879044,6035.4569039805,0.0121312376847149,"","H4a_a_Glu_5_Csm_2493_Control_no","H4a","a","Glu","5","Csm","2493","Control","no"
"61","H5a",0.468398432459524,0.0183557275514474,0.000123115813698353,25986.9201851946,5630.04182596907,27871.2572281572,27851.41625,0.0155702258734418,"","H5a_a_Ser_1_Csm_2493_Control_yes","H5a","a","Ser","1","Csm","2493","Control","yes"
"62","H6a",0.464972708104526,0.0196347264537353,0.00011591400410425,26929.7378773711,5979.83984693126,27208.9059840232,27157.4979942007,0.0132577372403768,"","H6a_a_Ser_5_Csm_2493_Control_no","H6a","a","Ser","5","Csm","2493","Control","no"
"63","H7a",0.386613820154689,0.00908019220957621,0.000151315755848039,24634.343354632,4580.79977643604,23590.7967188484,23613.0463812002,0.00842738767838741,"","H7a_a_Thr_1_Csm_2493_Control_yes","H7a","a","Thr","1","Csm","2493","Control","yes"
"64","H8a",0.408753571436541,0.0132938345513577,0.000128626102598257,26376.8282661147,5388.85316866732,24189.8894775468,24146.8668456001,0.00640168171041039,"","H8a_a_Thr_5_Csm_2493_Control_no","H8a","a","Thr","5","Csm","2493","Control","no"
"65","A1b",0.316272144217117,0.0484713185403956,9.47441945172682e-05,18040.9076506638,7315.98578774778,20883.5050675022,20814.2649260195,0.014588582456288,"","A1b_b_As_1_Mm_2490_Deletion_yes","A1b","b","As","1","Mm","2490","Deletion","yes"
"66","A2b",0.306122896660296,0.0251067596904932,0.000151451159231208,15947.5502638976,4576.70435854355,21213.5167701864,21197.4085024512,0.00527668576125325,"","A2b_b_As_5_Mm_2490_Deletion_no","A2b","b","As","5","Mm","2490","Deletion","no"
"67","A3b",0.59739978939695,0.0195304654287069,0.000119367381839938,28377.7036215336,5806.83910357858,34148.841892229,34386.5238175488,0.0200324305456604,"","A3b_b_Glu_1_Mm_2490_Deletion_yes","A3b","b","Glu","1","Mm","2490","Deletion","yes"
"68","A4b",2304833.1438034,0.0570428654943381,1.77679490317098e-05,985733.978330403,39011.0968532671,11537.0245626644,11589.8708310195,0.0156571602579945,"","A4b_b_Glu_5_Mm_2490_Deletion_no","A4b","b","Glu","5","Mm","2490","Deletion","no"
"69","A5b",0.155403197910528,0.0502604091077065,5.33228459619353e-05,13842.1277873603,12999.0657485677,10107.4752726845,10096.8688484707,0.00979543912304724,"","A5b_b_Ser_1_Mm_2490_Deletion_yes","A5b","b","Ser","1","Mm","2490","Deletion","yes"
"70","A6b",0.130547692093915,0.0385823555911333,9.19464244436836e-05,9446.98688650406,7538.59853445951,9472.85354975753,9476.60850449025,0.00501149377061864,"","A6b_b_Ser_5_Mm_2490_Deletion_no","A6b","b","Ser","5","Mm","2490","Deletion","no"
"71","A7b",3752186.47547062,0.0470256400919704,2.10291441710712e-05,865223.587786586,32961.2643729684,11353.1905955528,11438.9545485683,0.0203578726032886,"","A7b_b_Thr_1_Mm_2490_Deletion_yes","A7b","b","Thr","1","Mm","2490","Deletion","yes"
"72","A8b",1770410.66656994,0.0485926792157112,2.22802796838626e-05,781453.586090173,31110.3446812647,12574.8417023875,12666.3036124513,0.0216842299231964,"","A8b_b_Thr_5_Mm_2490_Deletion_no","A8b","b","Thr","5","Mm","2490","Deletion","no"
"73","B1b",0.222184237466196,0.025080483002464,0.000142728672966704,14444.4717770878,4856.3975699658,15669.8546177248,15644.1384705098,0.00987492544747963,"","B1b_b_As_1_Mm_2491_Control_yes","B1b","b","As","1","Mm","2491","Control","yes"
"74","B2b",0.235265717446657,0.0134362458624775,0.000199953636996837,14023.0155971422,3466.53949870844,16819.7780424112,16822.0691864318,0.00384661465538824,"","B2b_b_As_5_Mm_2491_Control_no","B2b","b","As","5","Mm","2491","Control","no"
"75","B3b",0.578655200926552,0.017769101914811,0.0001129241962416,30569.6818418977,6138.16350817292,31815.1631948135,31934.0141565293,0.0139581781504516,"","B3b_b_Glu_1_Mm_2491_Control_yes","B3b","b","Glu","1","Mm","2491","Control","yes"
"76","B4b",0.0857286769376246,0.0141831428253235,0.000356413470126921,4540.45676982741,1944.78390593125,6923.61234935427,6930.84767949025,0.00545911148843186,"","B4b_b_Glu_5_Mm_2491_Control_no","B4b","b","Glu","5","Mm","2491","Control","no"
"77","B5b",0.452928258949373,0.0261991672862847,0.000104023220821301,26824.9888515442,6663.38895380564,26465.8632186054,26487.7912794903,0.0200343407955985,"","B5b_b_Ser_1_Mm_2491_Control_yes","B5b","b","Ser","1","Mm","2491","Control","yes"
"78","B6b",0.488230291607961,0.0239431848698807,0.000103347535177731,28687.8578527451,6706.9541558772,27663.9923624267,27795.9384894903,0.0307500123129856,"","B6b_b_Ser_5_Mm_2491_Control_no","B6b","b","Ser","5","Mm","2491","Control","no"
"79","B7b",0.378720906736175,0.0315895695360825,5.08718930533475e-05,47115.923346154,13625.3467083104,14979.1186803401,15043.4734635683,0.0250985131509059,"","B7b_b_Thr_1_Mm_2491_Control_yes","B7b","b","Thr","1","Mm","2491","Control","yes"
"80","B8b",0.573354945346372,0.0287311497276886,4.61107984085604e-05,63805.3012314733,15032.2094711608,15823.618450202,15951.6780365293,0.0249278180504052,"","B8b_b_Thr_5_Mm_2491_Control_no","B8b","b","Thr","5","Mm","2491","Control","no"
"81","C1b",0.239710791090246,0.0349292395060665,0.000108570736508323,16290.0204897955,6384.29104242843,16318.088109032,16267.5480969415,0.0120963178982491,"","C1b_b_As_1_Mm_2492_Deletion_yes","C1b","b","As","1","Mm","2492","Deletion","yes"
"82","C2b",0.304752520803919,0.0296522541371213,0.000110762432419523,20111.4894391542,6257.96278953667,19741.9810831904,19667.0241219415,0.0100026842673077,"","C2b_b_As_5_Mm_2492_Deletion_no","C2b","b","As","5","Mm","2492","Deletion","no"
"83","C3b",0.566710540388407,0.0117995519569111,0.00013331633331625,28884.2789393807,5199.2667613778,32173.0005874025,32327.1817885683,0.0130043780623425,"","C3b_b_Glu_1_Mm_2492_Deletion_yes","C3b","b","Glu","1","Mm","2492","Deletion","yes"
"84","C4b",0.131216578420239,0.0501485809314343,3.56203655719071e-05,13483.8049088901,19459.2944073155,7986.44872475847,7972.59717050975,0.016465741897444,"","C4b_b_Glu_5_Mm_2492_Deletion_no","C4b","b","Glu","5","Mm","2492","Deletion","no"
"85","C5b",0.125329317807171,0.0265524574280146,0.000111236008380384,11810.3938451598,6231.32015120187,9006.34920060363,8972.7900489805,0.0161942172583632,"","C5b_b_Ser_1_Mm_2492_Deletion_yes","C5b","b","Ser","1","Mm","2492","Deletion","yes"
"86","C6b",0.100171888673502,0.0208625699728869,0.000149150020960468,8953.39458982062,4647.31534126744,7542.01399720095,7542.40763347075,0.00407104696021648,"","C6b_b_Ser_5_Mm_2492_Deletion_no","C6b","b","Ser","5","Mm","2492","Deletion","no"
"87","C7b",0.200551345809101,0.0262516695658839,0.000138497337162446,13668.468609691,5004.76900683615,14264.9541000087,14256.0006010195,0.00788678353750192,"","C7b_b_Thr_1_Mm_2492_Deletion_yes","C7b","b","Thr","1","Mm","2492","Deletion","yes"
"88","C8b",1843269.52120311,0.049954615960752,2.06886774230117e-05,842184.903829976,33503.6970410185,11836.3056668247,11915.7380285683,0.0265649278955724,"","C8b_b_Thr_5_Mm_2492_Deletion_no","C8b","b","Thr","5","Mm","2492","Deletion","no"
"89","D1b",0.272549733180313,0.0297245911641563,0.000102318888431129,20527.6557222255,6774.38145769639,17488.3692762272,17422.3201689805,0.0107824937774769,"","D1b_b_As_1_Mm_2493_Control_yes","D1b","b","As","1","Mm","2493","Control","yes"
"90","D2b",0.313708222944627,0.0188186201126922,0.000134494173462077,20460.0257138895,5153.7338958062,20356.8229495186,20336.9422844903,0.00622561935812751,"","D2b_b_As_5_Mm_2493_Control_no","D2b","b","As","5","Mm","2493","Control","no"
"91","D3b",0.597748026971849,0.0112275063126037,0.000137760198622668,28715.4127762881,5031.54893423542,34047.4469143715,34141.4590965293,0.0147904899220613,"","D3b_b_Glu_1_Mm_2493_Control_yes","D3b","b","Glu","1","Mm","2493","Control","yes"
"92","D4b",1229367.30106076,0.0460224858966934,1.78689006799171e-05,957005.45056442,38790.7008369561,9358.47915224749,9395.59908449025,0.0164294908526736,"","D4b_b_Glu_5_Mm_2493_Control_no","D4b","b","Glu","5","Mm","2493","Control","no"
"93","D5b",0.520095171537596,0.0108682447243338,0.000137010036990176,28078.5891400947,5059.09782806385,29946.9524760532,30183.823975,0.0271666350203931,"","D5b_b_Ser_1_Mm_2493_Control_yes","D5b","b","Ser","1","Mm","2493","Control","yes"
"94","D6b",0.526008814320015,0.00754009034170911,0.000143295213710503,29523.9836174438,4837.19701873853,29554.9886606986,29982.2008139805,0.0374655813180697,"","D6b_b_Ser_5_Mm_2493_Control_no","D6b","b","Ser","5","Mm","2493","Control","no"
"95","D7b",0.449670821806634,0.0363849024904522,5.03911524280551e-05,48222.467895159,13755.3349578494,17399.7234135515,17462.1982230585,0.0233743506131167,"","D7b_b_Thr_1_Mm_2493_Control_yes","D7b","b","Thr","1","Mm","2493","Control","yes"
"96","D8b",0.44482242526177,0.0235508421780185,6.32806055233186e-05,45576.6203754281,10953.5484818413,18044.7818541713,18232.0248085683,0.0263185289822161,"","D8b_b_Thr_5_Mm_2493_Control_no","D8b","b","Thr","5","Mm","2493","Control","no"
"97","E1b",0.363145216283292,0.0207065303953199,0.000128508230175708,21832.4031852413,5393.79602078568,23067.9387703226,23068.2138639805,0.00756779001414713,"","E1b_b_As_1_Csm_2490_Deletion_yes","E1b","b","As","1","Csm","2490","Deletion","yes"
"98","E2b",0.577446279016219,0.0285707378056292,0.000104383496910153,28313.7542044982,6640.39049349503,32933.8381459189,32931.1742424513,0.0163366621270974,"","E2b_b_As_5_Csm_2490_Deletion_no","E2b","b","As","5","Csm","2490","Deletion","no"
"99","E3b",0.283318080972021,0.0375681874257144,3.45222608657926e-05,54404.221090393,20078.2672738207,10121.0025954523,10118.0512894903,0.00914302125073989,"","E3b_b_Glu_1_Csm_2490_Deletion_yes","E3b","b","Glu","1","Csm","2490","Deletion","yes"
"100","E4b",0.0743917108510881,0.0106542127471134,0.000312186851919686,5729.95841619831,2220.29587824623,5920.44323605518,5907.28257356825,0.00738678994860881,"","E4b_b_Glu_5_Csm_2490_Deletion_no","E4b","b","Glu","5","Csm","2490","Deletion","no"
"101","E5b",0.314109861361444,0.0522959844730822,6.6877640305399e-05,24084.4961185068,10364.4084539267,18608.2826580109,18510.5164585683,0.0206476492381801,"","E5b_b_Ser_1_Csm_2490_Deletion_yes","E5b","b","Ser","1","Csm","2490","Deletion","yes"
"102","E6b",0.185181911632903,0.0191013147439052,0.000135283145283975,15986.5888834347,5123.67729996927,12781.0837249778,12747.0399230585,0.0109098007965481,"","E6b_b_Ser_5_Csm_2490_Deletion_no","E6b","b","Ser","5","Csm","2490","Deletion","no"
"103","E7b",0.376169606089308,0.0361730914682311,8.77807520878509e-05,25525.1840560942,7896.34588532853,22265.4849079186,22232.8230924512,0.023955753604387,"","E7b_b_Thr_1_Csm_2490_Deletion_yes","E7b","b","Thr","1","Csm","2490","Deletion","yes"
"104","E8b",0.433586277640732,0.0445122062706655,6.73855045135923e-05,32173.1848147118,10286.295035754,22730.1353939908,22727.251167961,0.0194962398554129,"","E8b_b_Thr_5_Csm_2490_Deletion_no","E8b","b","Thr","5","Csm","2490","Deletion","no"
"105","F1b",0.382442897627676,0.0309503476359744,0.000105883620168731,22947.8769332193,6546.31169065982,23740.9259967087,23670.4392724513,0.0102390965915944,"","F1b_b_As_1_Csm_2491_Control_yes","F1b","b","As","1","Csm","2491","Control","yes"
"106","F2b",0.511263694457326,0.0328484446944276,9.32299716974446e-05,28730.8322830503,7434.8105865503,28844.9645814701,28752.2963414318,0.0168931480997847,"","F2b_b_As_5_Csm_2491_Control_no","F2b","b","As","5","Csm","2491","Control","no"
"107","F3b",0.12768383272778,0.036895376856085,4.61009297527871e-05,19532.0547683514,15035.4273607256,7645.54775270208,7639.76945856825,0.0102674580854628,"","F3b_b_Glu_1_Csm_2491_Control_yes","F3b","b","Glu","1","Csm","2491","Control","yes"
"108","F4b",0.0701123018549257,0.00382250360190053,0.000469415406893399,6078.05020849457,1476.61787487379,5581.80300049775,5581.74378,0.0024973926123454,"","F4b_b_Glu_5_Csm_2491_Control_no","F4b","b","Glu","5","Csm","2491","Control","no"
"109","F5b",0.426096057698372,0.0207182336556481,0.000124421228609098,23901.1091504556,5570.97199817603,26209.8938691826,26249.7141925488,0.0229568300420741,"","F5b_b_Ser_1_Csm_2491_Control_yes","F5b","b","Ser","1","Csm","2491","Control","yes"
"110","F6b",0.455766974309051,0.0356365279159313,9.47633638258032e-05,26035.3154767028,7314.5058657279,26868.3078882444,26782.6062,0.0134458455675932,"","F6b_b_Ser_5_Csm_2491_Control_no","F6b","b","Ser","5","Csm","2491","Control","no"
"111","F7b",0.436848911562813,0.0467662429463481,7.08567561248931e-05,29936.4120711448,9782.37247183874,23826.6835939867,23774.9119115292,0.0175472450239536,"","F7b_b_Thr_1_Csm_2491_Control_yes","F7b","b","Thr","1","Csm","2491","Control","yes"
"112","F8b",0.370558154302277,0.0453058397963894,7.06761170784159e-05,27890.118712309,9807.37495511944,20865.6021613817,20830.1677325488,0.0186960534888544,"","F8b_b_Thr_5_Csm_2491_Control_no","F8b","b","Thr","5","Csm","2491","Control","no"
"113","G1b",0.390623947790597,0.0213232895017231,0.000124747745494346,22860.6233632985,5556.39044067022,24414.8990220769,24405.5567435683,0.00557151583322205,"","G1b_b_As_1_Csm_2492_Deletion_yes","G1b","b","As","1","Csm","2492","Deletion","yes"
"114","G2b",0.535454016650822,0.024100745016278,0.000106103578632835,28790.9038608301,6532.74083203678,30310.4688568556,30353.7923169415,0.0131357555276055,"","G2b_b_As_5_Csm_2492_Deletion_no","G2b","b","As","5","Csm","2492","Deletion","no"
"115","G3b",0.329504589669383,0.0321211665894646,3.35797904704913e-05,66275.192717825,20641.7958792524,9532.06801624015,9556.627552039,0.0135386433997912,"","G3b_b_Glu_1_Csm_2492_Deletion_yes","G3b","b","Glu","1","Csm","2492","Deletion","yes"
"116","G4b",0.0738355086269645,0.00773084416001979,0.000369098448602292,5814.2245164811,1877.94661068007,5884.3891733108,5877.4282830585,0.00358974391891054,"","G4b_b_Glu_5_Csm_2492_Deletion_no","G4b","b","Glu","5","Csm","2492","Deletion","no"
"117","G5b",0.391559216140049,0.0545392606686001,4.90072863911961e-05,37162.2559867795,14143.7576246716,18554.42384686,18478.2009710195,0.0190613756495125,"","G5b_b_Ser_1_Csm_2492_Deletion_yes","G5b","b","Ser","1","Csm","2492","Deletion","yes"
"118","G6b",0.234627349305359,0.0319513843465752,9.41461752454003e-05,19622.6023919174,7362.45714446918,15169.3964522497,15095.5270575488,0.0155307489366164,"","G6b_b_Ser_5_Csm_2492_Deletion_no","G6b","b","Ser","5","Csm","2492","Deletion","no"
"119","G7b",0.397279441096465,0.0404743140931067,8.28327231117514e-05,26276.1157095316,8368.03565693241,23170.6490417687,23148.6789774513,0.0204235046732105,"","G7b_b_Thr_1_Csm_2492_Deletion_yes","G7b","b","Thr","1","Csm","2492","Deletion","yes"
"120","G8b",0.405570924629156,0.0383054368452042,7.27222130571688e-05,31083.9432844438,9531.43683918206,21745.1888621571,21727.4182369415,0.0144669009871449,"","G8b_b_Thr_5_Csm_2492_Deletion_no","G8b","b","Thr","5","Csm","2492","Deletion","no"
"121","H1b",0.373594886397541,0.0132679194612098,0.000147214515829183,22427.562874682,4708.41599183211,23587.7388955214,23541.7865469415,0.0050814507498486,"","H1b_b_As_1_Csm_2493_Control_yes","H1b","b","As","1","Csm","2493","Control","yes"
"122","H2b",0.541433443557483,0.0218956743781682,0.000117110591661017,27039.8293236502,5918.74031826514,31633.9149049217,31633.8293580585,0.00890757789650153,"","H2b_b_As_5_Csm_2493_Control_no","H2b","b","As","5","Csm","2493","Control","no"
"123","H3b",0.287567981213724,0.0289722814353977,3.49661418860267e-05,62601.3096940004,19823.3817965757,8823.43013669373,8835.134275,0.0125498838393741,"","H3b_b_Glu_1_Csm_2493_Control_yes","H3b","b","Glu","1","Csm","2493","Control","yes"
"124","H4b",0.0677221522834633,0.0056336482868438,0.000436649574354386,5495.9485851282,1587.4220914673,5425.55648559128,5416.1259130585,0.00552316415236048,"","H4b_b_Glu_5_Csm_2493_Control_no","H4b","b","Glu","5","Csm","2493","Control","no"
"125","H5b",0.469121940180417,0.0177433086660888,0.000134556661592709,24051.5632479071,5151.34050113433,28838.5781707716,28914.1094450975,0.0212083690636185,"","H5b_b_Ser_1_Csm_2493_Control_yes","H5b","b","Ser","1","Csm","2493","Control","yes"
"126","H6b",0.484367476776865,0.0270872452667976,0.000107470139690512,26297.8483737456,6449.67227693237,28573.8018503748,28579.4198280585,0.0149005546031171,"","H6b_b_Ser_5_Csm_2493_Control_no","H6b","b","Ser","5","Csm","2493","Control","no"
"127","H7b",0.379591021648833,0.0204138682915883,0.000116601832683297,24593.1060951767,5944.56506050473,23059.9355426727,23076.73484,0.0118095305357285,"","H7b_b_Thr_1_Csm_2493_Control_yes","H7b","b","Thr","1","Csm","2493","Control","yes"
"128","H8b",0.382360125544137,0.0263199200054135,0.000104816459208393,24850.2726948499,6612.96122569695,23054.44660644,23090.9863785683,0.015567630418243,"","H8b_b_Thr_5_Csm_2493_Control_no","H8b","b","Thr","5","Csm","2493","Control","no"
"129","A1c",0.344093286515893,0.0413022161704495,9.96937110404783e-05,19982.4728283831,6952.7673644179,22214.2692159554,22129.194065,0.0131695673292982,"","A1c_c_As_1_Mm_2490_Deletion_yes","A1c","c","As","1","Mm","2490","Deletion","yes"
"130","A2c",0.324003536074964,0.0251439219972025,0.000137658282022655,17981.9020794048,5035.27408867322,21786.5547082866,21739.6289024513,0.00634319763954433,"","A2c_c_As_5_Mm_2490_Deletion_no","A2c","c","As","5","Mm","2490","Deletion","no"
"131","A3c",0.613254714256189,0.0153560632437733,0.000123294923039185,29700.4189124267,5621.86311872432,34288.1299203359,34466.152032039,0.0171168637138255,"","A3c_c_Glu_1_Mm_2490_Deletion_yes","A3c","c","Glu","1","Mm","2490","Deletion","yes"
"132","A4c",76312.654851232,0.0594846185579075,9.89223356116135e-06,1421785.15145862,70069.8357225776,8039.48513801946,8040.3730339805,0.019340130013989,"","A4c_c_Glu_5_Mm_2490_Deletion_no","A4c","c","Glu","5","Mm","2490","Deletion","no"
"133","A5c",383002.030586852,0.0593697840164976,1.39066870864525e-05,1127498.24498709,49842.7250322752,9810.70784347159,9816.12652050975,0.0193112733467273,"","A5c_c_Ser_1_Mm_2490_Deletion_yes","A5c","c","Ser","1","Mm","2490","Deletion","yes"
"134","A6c",0.144233133792557,0.0240887628551165,9.00277013248103e-05,17849.4910673014,7699.26556337526,9512.89031819372,9500.9697639805,0.00459481841965014,"","A6c_c_Ser_5_Mm_2490_Deletion_no","A6c","c","Ser","5","Mm","2490","Deletion","no"
"135","A7c",2119784.65703772,0.0567760304206536,1.95182644212939e-05,893289.777382702,35512.746707322,12618.7768244347,12690.097392961,0.0270753946223836,"","A7c_c_Thr_1_Mm_2490_Deletion_yes","A7c","c","Thr","1","Mm","2490","Deletion","yes"
"136","A8c",2187102.25768585,0.0612722717373375,1.78518349654151e-05,974158.451316036,38827.7833568818,12448.0977143321,12488.59179,0.0245717964687316,"","A8c_c_Thr_5_Mm_2490_Deletion_no","A8c","c","Thr","5","Mm","2490","Deletion","no"
"137","B1c",0.288117502910059,0.03805396654047,9.85725395718724e-05,19099.7382726962,7031.84866262424,18810.3689004821,18754.5610405098,0.0110973760073333,"","B1c_c_As_1_Mm_2491_Control_yes","B1c","c","As","1","Mm","2491","Control","yes"
"138","B2c",0.333101020514172,0.0231349637725021,0.000137544865060637,18867.4272901288,5039.42608293206,22124.48972854,22086.378412961,0.00720020862494785,"","B2c_c_As_5_Mm_2491_Control_no","B2c","c","As","5","Mm","2491","Control","no"
"139","B3c",0.619065176083943,0.0131265073298171,0.000128527375084257,29815.7892487798,5392.99258314074,34564.3200629646,34645.2141425488,0.0121337772872699,"","B3c_c_Glu_1_Mm_2491_Control_yes","B3c","c","Glu","1","Mm","2491","Control","yes"
"140","B4c",0.0682310667056807,0.00667044819755967,0.000352700624112863,6300.91117089599,1965.25646163342,5405.07429026963,5411.024287961,0.00350237357244094,"","B4c_c_Glu_5_Mm_2491_Control_no","B4c","c","Glu","5","Mm","2491","Control","no"
"141","B5c",0.535241885729967,0.0112906151601908,0.000134992599850017,28426.942108779,5134.70502331286,30630.889443528,30888.8425539805,0.0278077921315644,"","B5c_c_Ser_1_Mm_2491_Control_yes","B5c","c","Ser","1","Mm","2491","Control","yes"
"142","B6c",0.562065839035253,0.0189348805313983,0.000113448747760371,29584.6783774029,6109.78256035076,31440.8438661451,31647.5977424512,0.0272975596435395,"","B6c_c_Ser_5_Mm_2491_Control_no","B6c","c","Ser","5","Mm","2491","Control","no"
"143","B7c",0.398600382292664,0.0188468646506574,7.85974330796175e-05,38209.5918184542,8818.95442892903,18846.7280774711,19041.5143980585,0.0236647982479099,"","B7c_c_Thr_1_Mm_2491_Control_yes","B7c","c","Thr","1","Mm","2491","Control","yes"
"144","B8c",0.430789112856468,0.0263188058248184,6.51765646851166e-05,41921.4269174437,10634.9143117423,18857.8670783457,18999.8696214317,0.0271301273316565,"","B8c_c_Thr_5_Mm_2491_Control_no","B8c","c","Thr","5","Mm","2491","Control","no"
"145","C1c",0.303777064620858,0.0377792561213902,9.91862451934995e-05,19677.4048063119,6988.33975626061,19687.0966041449,19616.1982744903,0.0121109275584562,"","C1c_c_As_1_Mm_2492_Deletion_yes","C1c","c","As","1","Mm","2492","Deletion","yes"
"146","C2c",0.317439420633253,0.0248882176790724,0.000125964761010011,19562.972838787,5502.70706666016,20824.1967103163,20752.2467344903,0.00938490838317795,"","C2c_c_As_5_Mm_2492_Deletion_no","C2c","c","As","5","Mm","2492","Deletion","no"
"147","C3c",0.593260184147674,0.012865550571224,0.000120650354252833,31571.8512192342,5745.09030539103,32076.4778312984,32167.9496875488,0.0127506163452244,"","C3c_c_Glu_1_Mm_2492_Deletion_yes","C3c","c","Glu","1","Mm","2492","Deletion","yes"
"148","C4c",0.126016840635496,0.0210334479393615,0.00017932852403402,8965.04475160445,3865.23663367937,9555.40884463033,9550.4755460195,0.00660151330409366,"","C4c_c_Glu_5_Mm_2492_Deletion_no","C4c","c","Glu","5","Mm","2492","Deletion","no"
"149","C5c",0.139434645233389,0.0355606839943775,8.77917741516416e-05,12210.000515197,7895.35451650266,9797.23481284385,9764.01010347075,0.0138936348528607,"","C5c_c_Ser_1_Mm_2492_Deletion_yes","C5c","c","Ser","1","Mm","2492","Deletion","yes"
"150","C6c",0.155470459580694,0.0286663967612762,9.26162215183334e-05,16054.6118815841,7484.07966980964,10505.3639899716,10496.3350680585,0.00448357522583768,"","C6c_c_Ser_5_Mm_2492_Deletion_no","C6c","c","Ser","5","Mm","2492","Deletion","no"
"151","C7c",935908.007719299,0.0433130570053845,2.10500309038938e-05,802306.354848955,32928.5588094661,10468.9326299091,10552.6544074512,0.0282479761813262,"","C7c_c_Thr_1_Mm_2492_Deletion_yes","C7c","c","Thr","1","Mm","2492","Deletion","yes"
"152","C8c",1701610.58539368,0.0413167595569318,2.298645844843e-05,762778.347942178,30154.5878463625,11123.2040286388,11241.8017725488,0.0273659519515158,"","C8c_c_Thr_5_Mm_2492_Deletion_no","C8c","c","Thr","5","Mm","2492","Deletion","no"
"153","D1c",0.261073734081569,0.0292758085848675,0.000105609642629519,19592.0031579129,6563.29444264402,16995.9764280947,16959.1888305098,0.00845699948087147,"","D1c_c_As_1_Mm_2493_Control_yes","D1c","c","As","1","Mm","2493","Control","yes"
"154","D2c",0.335735316372055,0.00885564451772841,0.00014441848251436,24986.670750483,4799.57390835361,20358.6860431352,20429.9846610195,0.0152148628973004,"","D2c_c_As_5_Mm_2493_Control_no","D2c","c","As","5","Mm","2493","Control","no"
"155","D3c",0.591257685411626,0.0061945089740155,0.0001617443082069,28118.8045220979,4285.45021611076,34072.0681886391,34180.521563883,0.0125364512101422,"","D3c_c_Glu_1_Mm_2493_Control_yes","D3c","c","Glu","1","Mm","2493","Control","yes"
"156","D4c",469183.031667056,0.0451961568634896,1.81032501412122e-05,892408.337136672,38288.5490259006,9306.45806735544,9330.612175,0.0149215264315419,"","D4c_c_Glu_5_Mm_2493_Control_no","D4c","c","Glu","5","Mm","2493","Control","no"
"157","D5c",0.553597062954259,0.0125676820982548,0.000135837295293169,27697.4373759223,5102.77519192332,32078.7668176873,32303.2627469415,0.0305753615313839,"","D5c_c_Ser_1_Mm_2493_Control_yes","D5c","c","Ser","1","Mm","2493","Control","yes"
"158","D6c",0.74165198276889,0.0267392764011329,9.35984238600259e-05,35107.7165614663,7405.543298427,37380.8991806143,37440.0293015292,0.0160180741111237,"","D6c_c_Ser_5_Mm_2493_Control_no","D6c","c","Ser","5","Mm","2493","Control","no"
"159","D7c",0.440597362266284,0.0154940709748158,7.57001882140592e-05,43749.8878519348,9156.47895880941,18559.3528232887,18793.7455219415,0.0241916179100693,"","D7c_c_Thr_1_Mm_2493_Control_yes","D7c","c","Thr","1","Mm","2493","Control","yes"
"160","D8c",0.357319109902959,0.0146038499633636,8.32266726427429e-05,37915.9068382756,8328.42595468564,17013.2541055223,17242.6274885683,0.028175961028735,"","D8c_c_Thr_5_Mm_2493_Control_no","D8c","c","Thr","5","Mm","2493","Control","no"
"161","E1c",0.358567826355173,0.0244556692281523,0.000124386626965554,21020.0625329195,5572.52172093949,23028.7905932534,22972.1100969415,0.00827561055390177,"","E1c_c_As_1_Csm_2490_Deletion_yes","E1c","c","As","1","Csm","2490","Deletion","yes"
"162","E2c",0.560749955148123,0.028296586558832,0.00010939012016649,26828.32908017,6336.46968761885,32816.5059136417,32810.0489955098,0.0189989244543842,"","E2c_c_As_5_Csm_2490_Deletion_no","E2c","c","As","5","Csm","2490","Deletion","no"
"163","E3c",558273.372435676,0.049858948779507,1.65202542585991e-05,982500.691413288,41957.4160124774,9438.0500385524,9457.1962619415,0.0166411276908211,"","E3c_c_Glu_1_Csm_2490_Deletion_yes","E3c","c","Glu","1","Csm","2490","Deletion","yes"
"164","E4c",0.133349509571015,0.0240688448864951,9.21399029053368e-05,16420.6947219472,7522.76873215369,8967.34038012424,8936.30423541225,0.00754000763930509,"","E4c_c_Glu_5_Csm_2490_Deletion_no","E4c","c","Glu","5","Csm","2490","Deletion","no"
"165","E5c",0.315298330811442,0.0459503603650247,7.79243460385648e-05,22694.3505165931,8895.12990223757,19292.3348306742,19193.4815774513,0.0179477056304624,"","E5c_c_Ser_1_Csm_2490_Deletion_yes","E5c","c","Ser","1","Csm","2490","Deletion","yes"
"166","E6c",0.196214422734748,0.0216401089791946,0.000124267876886977,16800.8183619898,5577.84680903793,13356.3415764174,13347.0173964318,0.00609454240920335,"","E6c_c_Ser_5_Csm_2490_Deletion_no","E6c","c","Ser","5","Csm","2490","Deletion","no"
"167","E7c",0.449596547486546,0.0348941727967291,7.87752375018721e-05,31421.5650161417,8799.04907355528,24069.7870641241,24080.8869530585,0.0203205196204138,"","E7c_c_Thr_1_Csm_2490_Deletion_yes","E7c","c","Thr","1","Csm","2490","Deletion","yes"
"168","E8c",0.425736734409372,0.0343065966010959,7.52824054175654e-05,32337.8269079385,9207.29321433472,22389.9469626515,22416.5364869415,0.0188935188339161,"","E8c_c_Thr_5_Csm_2490_Deletion_no","E8c","c","Thr","5","Csm","2490","Deletion","no"
"169","F1c",0.391306744318869,0.0154225909895727,0.000132847259396304,24038.4907125864,5217.62499060806,24053.8914788668,24078.6706430585,0.00510883568081571,"","F1c_c_As_1_Csm_2491_Control_yes","F1c","c","As","1","Csm","2491","Control","yes"
"170","F2c",0.506244610162793,0.025253510552178,0.000113390087435853,25988.8995133447,6112.94334658726,30060.6025208736,30051.775667039,0.0137350280290412,"","F2c_c_As_5_Csm_2491_Control_no","F2c","c","As","5","Csm","2491","Control","no"
"171","F3c",0.16061754155938,0.0338553230813562,4.77542419119298e-05,27646.0632863862,14514.8818787297,8748.87511547904,8760.27622449025,0.0144635162191097,"","F3c_c_Glu_1_Csm_2491_Control_yes","F3c","c","Glu","1","Csm","2491","Control","yes"
"172","F4c",0.116017969808931,0.0241340218681653,0.000151992307510807,8795.86491232618,4560.40961487911,8756.98738351069,8737.86379254875,0.0072691813188296,"","F4c_c_Glu_5_Csm_2491_Control_no","F4c","c","Glu","5","Csm","2491","Control","no"
"173","F5c",0.540634326973372,0.0197959576599309,0.000123520915571505,26472.9417571117,5611.57741871408,31919.1409313442,31999.1796315293,0.016248256132254,"","F5c_c_Ser_1_Csm_2491_Control_yes","F5c","c","Ser","1","Csm","2491","Control","yes"
"174","F6c",0.544845642223189,0.0252907494320917,0.000105828113326873,28560.7829604254,6549.74523091996,30959.1953745927,30862.408997961,0.010338716142994,"","F6c_c_Ser_5_Csm_2491_Control_no","F6c","c","Ser","5","Csm","2491","Control","no"
"175","F7c",0.425960812857382,0.0188925264935592,0.000103253795394474,29734.640931691,6713.0431178033,23711.2632527327,23761.862627039,0.0131016831033124,"","F7c_c_Thr_1_Csm_2491_Control_yes","F7c","c","Thr","1","Csm","2491","Control","yes"
"176","F8c",0.409318276037712,0.0303056537502983,8.053804949109e-05,31366.9779334245,8606.45601600556,21956.4601245068,21894.3926060195,0.0110012241056647,"","F8c_c_Thr_5_Csm_2491_Control_no","F8c","c","Thr","5","Csm","2491","Control","no"
"177","G1c",0.406759644411043,0.0287529664517937,0.000116385204541508,22134.8661053483,5955.62969786883,25646.2897905894,25610.7911569415,0.0082813817972144,"","G1c_c_As_1_Csm_2492_Deletion_yes","G1c","c","As","1","Csm","2492","Deletion","yes"
"178","G2c",0.524441586156218,0.0244292339533745,0.000114603768042938,26341.649372416,6048.20585218668,30974.3009608243,30997.3357380585,0.0160066890002165,"","G2c_c_As_5_Csm_2492_Deletion_no","G2c","c","As","5","Csm","2492","Deletion","no"
"179","G3c",230124.785725942,0.038478308037121,1.85033713085735e-05,843307.80505166,37460.5886138585,8095.24969810223,8106.95171439275,0.0120413707175188,"","G3c_c_Glu_1_Csm_2492_Deletion_yes","G3c","c","Glu","1","Csm","2492","Deletion","yes"
"180","G4c",0.110231212742169,0.025896038733309,6.16784838995128e-05,19142.9642724111,11238.0709890539,6899.22113638148,6893.91483050975,0.0115279799119664,"","G4c_c_Glu_5_Csm_2492_Deletion_no","G4c","c","Glu","5","Csm","2492","Deletion","no"
"181","G5c",0.428241521851222,0.0577785805363542,4.6770153544261e-05,39729.0824904431,14820.2887532534,19410.5433484307,19330.987857961,0.0192474099937697,"","G5c_c_Ser_1_Csm_2492_Deletion_yes","G5c","c","Ser","1","Csm","2492","Deletion","yes"
"182","G6c",0.30788168217429,0.0393388812404408,8.22521609404518e-05,23352.5406812522,8427.09994041085,18739.6609762506,18629.6587210195,0.0181214166649443,"","G6c_c_Ser_5_Csm_2492_Deletion_no","G6c","c","Ser","5","Csm","2492","Deletion","no"
"183","G7c",0.447585395348781,0.0504190661092295,7.56136109358473e-05,27296.48450034,9166.96309012448,25552.7685398337,25495.7872415293,0.0191790487201757,"","G7c_c_Thr_1_Csm_2492_Deletion_yes","G7c","c","Thr","1","Csm","2492","Deletion","yes"
"184","G8c",0.528949519209843,0.0603402589853301,7.83391369146664e-05,26165.335006927,8848.03187600828,30793.9091094265,30564.265885,0.0308142722022568,"","G8c_c_Thr_5_Csm_2492_Deletion_no","G8c","c","Thr","5","Csm","2492","Deletion","no"
"185","H1c",0.501330229953559,0.00495234900892544,0.000187956356895971,24513.5389843526,3687.80919149004,30703.2156854764,30962.7441415292,0.0297887590427366,"","H1c_c_As_1_Csm_2493_Control_yes","H1c","c","As","1","Csm","2493","Control","yes"
"186","H2c",0.529136876120277,0.0150789233006355,0.000135523087476746,26040.1243257739,5114.60588350957,31514.6434782056,31540.0967974513,0.0128143874032392,"","H2c_c_As_5_Csm_2493_Control_no","H2c","c","As","5","Csm","2493","Control","no"
"187","H3c",0.23586182274142,0.0382927028073791,3.69699022310777e-05,44382.8370547647,18748.9589836478,9889.53618089252,9899.8955260195,0.016045239373983,"","H3c_c_Glu_1_Csm_2493_Control_yes","H3c","c","Glu","1","Csm","2493","Control","yes"
"188","H4c",0.0758757357240284,0.00720572610184778,0.000328309824932336,6866.79590338484,2111.25932860158,5966.79733234821,5956.487991117,0.00442040938632731,"","H4c_c_Glu_5_Csm_2493_Control_no","H4c","c","Glu","5","Csm","2493","Control","no"
"189","H5c",0.493016503696836,0.0164197125074164,0.000135438675147305,24868.7329012864,5117.7935682409,29922.6007934799,29974.2782805098,0.0191576328655587,"","H5c_c_Ser_1_Csm_2493_Control_yes","H5c","c","Ser","1","Csm","2493","Control","yes"
"190","H6c",0.54028788724132,0.0210219250599922,0.00011476954284418,27941.6488041632,6039.46973545949,31084.7758476042,31046.05972,0.0124424817356829,"","H6c_c_Ser_5_Csm_2493_Control_no","H6c","c","Ser","5","Csm","2493","Control","no"
"191","H7c",0.437844788884113,0.0220611116216123,9.88418954914831e-05,29707.531411132,7012.68603878273,24352.3394005968,24246.6287075488,0.0142475267563164,"","H7c_c_Thr_1_Csm_2493_Control_yes","H7c","c","Thr","1","Csm","2493","Control","yes"
"192","H8c",0.461448827152532,0.0204999385409104,0.000113532803976466,27027.493149828,6105.25906418754,26945.4618209649,26965.084575922,0.0129555582588335,"","H8c_c_Thr_5_Csm_2493_Control_no","H8c","c","Thr","5","Csm","2493","Control","no"
